customer_ID,last_name,e-mail,phone_number
EK9900,Mabbs,bmabbs0@g.co,591-674-3158
ET6407,Cove,jcove1@elegantthemes.com,808-326-4513
AI4455,Troutbeck,etroutbeck2@dot.gov,318-128-4077
SK4129,Heijnen,sheijnen3@netlog.com,394-561-4266
DL5835,Prendergrast,dprendergrast4@gravatar.com,334-887-4833
NZ5033,Norvill,knorvill5@drupal.org,155-412-6777
EK1605,Pohlke,wpohlke6@google.ru,560-849-2479
QR2866,Pallas,mpallas7@berkeley.edu,315-780-5175
QR6609,Duckers,lduckers8@upenn.edu,583-898-1098
KL8568,Wharin,ewharin9@usda.gov,345-846-3289
AC6909,Darville,jdarvillea@nature.com,866-446-9967
LA8565,Canton,lcantonb@cnet.com,714-782-7356
TG3060,Olczyk,aolczykc@stanford.edu,515-833-3060
AA8959,Camilleri,hcamillerid@reuters.com,603-919-1545
KL4223,Bernhardt,mbernhardte@columbia.edu,344-789-5478
SK7366,Chill,pchillf@umn.edu,393-731-0368
QR6336,Giberd,agiberdg@nydailynews.com,673-343-4487
EK8568,Studman,lstudmanh@prlog.org,516-214-0508
NZ6764,Flegg,kfleggi@mapy.cz,249-532-1750
NZ9937,Rayson,craysonj@accuweather.com,176-528-0375
AI1786,Sammes,csammesk@reuters.com,429-701-8942
LA1925,Hatherleigh,lhatherleighl@woothemes.com,930-334-3481
NZ4633,Kettlestringes,ikettlestringesm@uol.com.br,897-566-2405
LH3543,Sayse,esaysen@moonfruit.com,488-938-2690
TG2287,Sproul,csproulo@ycombinator.com,322-711-6232
ET3206,Small,vsmallp@vkontakte.ru,856-853-4632
AM1632,Sleeford,esleefordq@dyndns.org,615-162-4006
AM2471,Cunliffe,ccunliffer@creativecommons.org,984-174-5865
DL4188,Batt,lbatts@pcworld.com,861-721-9023
ET6585,Bagge,ibagget@barnesandnoble.com,947-721-5001
NH8541,Sketch,lsketchu@google.es,420-298-6574
QF3279,Pruckner,eprucknerv@drupal.org,120-782-0929
SQ5078,Flecknell,gflecknellw@cyberchimps.com,805-506-7886
AV6609,Gripton,pgriptonx@home.pl,674-981-0481
WN1798,Fritzer,mfritzery@hc360.com,130-304-3580
LH5385,Behninck,jbehninckz@weibo.com,972-606-7971
LH5968,Salzburg,ksalzburg10@dagondesign.com,338-221-2236
NH8549,Corrett,scorrett11@about.com,567-350-0745
AM8781,Mackie,lmackie12@time.com,667-652-0760
LA6020,Winny,awinny13@aboutads.info,413-707-2458
AA4577,Paintain,apaintain14@cyberchimps.com,431-937-4579
SQ1881,Clemmens,mclemmens15@netlog.com,960-706-9865
AM1862,Scolland,sscolland16@hexun.com,170-422-9950
WN7777,Graeser,ggraeser17@behance.net,743-130-3064
AM7295,Dainty,ddainty18@unesco.org,630-177-6782
UA5107,Reedy,oreedy19@drupal.org,723-647-9916
LA9176,Autin,cautin1a@sphinn.com,650-167-1281
AM9678,Haslock,ghaslock1b@mediafire.com,625-112-1812
SA7986,Gritland,dgritland1c@prnewswire.com,527-337-8551
NZ4614,Snasel,ksnasel1d@chronoengine.com,952-994-0342
ET6816,Thaine,lthaine1e@github.io,476-342-7476
EK3918,Toman,ptoman1f@macromedia.com,732-609-0025
IB7458,Easeman,jeaseman1g@stanford.edu,905-439-1348
NH5575,Stapells,mstapells1h@istockphoto.com,648-351-2385
DL5703,Warn,ewarn1i@friendfeed.com,344-519-3624
NH9186,Norvill,rnorvill1j@cnet.com,195-846-6978
WN8112,Gaisford,agaisford1k@pcworld.com,778-724-2556
AI6358,Baniard,tbaniard1l@hugedomains.com,920-499-1242
AV6156,Beven,dbeven1m@vkontakte.ru,506-602-2487
WN4159,Pargetter,bpargetter1n@discuz.net,625-821-3855
UA1148,Greenacre,sgreenacre1o@smh.com.au,991-589-1312
SQ1972,Armytage,marmytage1p@nationalgeographic.com,896-965-1894
AI1343,Killik,dkillik1q@cornell.edu,613-262-1249
DL7405,Gopsall,hgopsall1r@tiny.cc,223-851-4682
WN4957,Bricknell,rbricknell1s@telegraph.co.uk,922-478-9430
AM9222,Stawell,sstawell1t@godaddy.com,838-440-7891
LA7916,Hindmore,fhindmore1u@themeforest.net,180-940-0283
TG9120,Hayers,fhayers1v@nytimes.com,972-965-5384
UA9423,Greeve,lgreeve1w@nydailynews.com,851-921-1464
EK9536,Fazakerley,efazakerley1x@independent.co.uk,663-534-6109
SK7967,Kiernan,akiernan1y@dedecms.com,574-996-6509
QF8486,Ashburner,jashburner1z@deliciousdays.com,605-914-3576
LA3971,Stedall,mstedall20@github.io,829-500-3225
AM3278,MacQuaker,lmacquaker21@bbc.co.uk,108-504-7418
AZ3842,Adshed,padshed22@dedecms.com,613-888-0710
QF4544,Wantling,jwantling23@tripadvisor.com,965-122-4005
TG7299,Formilli,eformilli24@ftc.gov,186-399-5319
CX9197,Cobain,dcobain25@360.cn,638-510-1048
LH6417,Rolinson,drolinson26@twitter.com,112-587-3166
QR5322,Mulrenan,kmulrenan27@com.com,403-736-5631
ET6380,Kaveney,fkaveney28@phoca.cz,303-844-9877
AF6240,Gummory,egummory29@sohu.com,200-513-6736
SA8035,Bertolin,nbertolin2a@blogtalkradio.com,304-970-7459
AA7634,Rubinovitch,irubinovitch2b@g.co,661-314-2386
QR9037,Brocks,obrocks2c@mail.ru,577-429-3952
QR4841,Llewhellin,mllewhellin2d@icq.com,847-704-4145
LH5409,Nannoni,vnannoni2e@ycombinator.com,271-725-7108
UA4772,Ferrino,pferrino2f@icq.com,434-116-7289
AV7161,Ebbrell,mebbrell2g@last.fm,728-966-3953
UA3730,Eustace,geustace2h@google.es,703-606-5431
QF8693,MacAleese,vmacaleese2i@soup.io,225-786-0212
AM7831,Cullimore,ccullimore2j@webmd.com,215-653-9376
NH9885,Riggs,griggs2k@psu.edu,137-798-1958
IB5567,Trembey,vtrembey2l@gravatar.com,608-684-6253
AV5603,Rounce,rrounce2m@comsenz.com,630-694-8754
EK8649,Rivett,lrivett2n@ning.com,711-141-7527
TG1041,Pendre,bpendre2o@berkeley.edu,322-842-5084
EK1896,Grahlmans,tgrahlmans2p@youku.com,934-367-7182
LA7812,Albers,qalbers2q@wisc.edu,329-524-1282
AZ5379,Krzysztofiak,bkrzysztofiak2r@google.ru,248-639-1385
AM9494,Aizik,gaizik2s@ow.ly,370-161-3904
QF4447,Bowfin,abowfin2t@typepad.com,296-917-8630
AI4783,Hawthorn,ehawthorn2u@tamu.edu,702-436-4119
AM7841,Youd,gyoud2v@ifeng.com,416-429-2233
TG8197,MacTrusty,smactrusty2w@quantcast.com,980-609-5747
NZ4746,Hosier,khosier2x@ustream.tv,838-655-0956
EK3996,Jaynes,ejaynes2y@thetimes.co.uk,229-184-9365
AA4958,Trendle,ktrendle2z@pbs.org,394-160-1979
DL2173,Tomich,atomich30@loc.gov,718-580-1270
KL5385,Schruyer,mschruyer31@elegantthemes.com,147-607-9883
QR8144,Gibberd,zgibberd32@yahoo.com,546-406-2475
AA8399,Tewkesbury.,dtewkesbury33@youku.com,744-894-1323
QR1600,Crux,acrux34@skype.com,564-246-2868
AZ3137,Heathcott,mheathcott35@cdc.gov,657-445-6842
LH4336,Trevor,strevor36@mac.com,662-772-7142
AM8457,Splain,msplain37@blogs.com,466-202-3852
SK3209,Gealle,lgealle38@kickstarter.com,654-232-1314
TG8512,Bielfelt,cbielfelt39@prlog.org,216-813-5080
KL8738,Bamlett,lbamlett3a@canalblog.com,256-281-0543
CX8811,Mapledoore,emapledoore3b@infoseek.co.jp,384-255-1941
SQ3139,Romanin,gromanin3c@narod.ru,931-619-9509
KL7475,Lethbury,flethbury3d@github.com,447-347-6441
KL9925,Gerard,jgerard3e@netscape.com,820-739-8764
QR4551,Crucitti,bcrucitti3f@narod.ru,825-287-5716
DL2968,Minster,vminster3g@cargocollective.com,202-665-9429
BA2109,Opdenort,lopdenort3h@google.nl,258-140-4595
IB2561,Fynes,afynes3i@cpanel.net,820-392-1837
DL8968,Sausman,ssausman3j@vkontakte.ru,330-963-4557
KE2030,Norley,bnorley3k@vimeo.com,303-390-3653
KL8773,Ryles,gryles3l@howstuffworks.com,728-884-0695
TG8211,Pidgeley,mpidgeley3m@google.co.jp,833-610-4906
KE1663,Plumstead,cplumstead3n@about.me,932-617-7165
AV4492,Marrian,kmarrian3o@miibeian.gov.cn,915-116-4579
SQ2715,Crisp,fcrisp3p@nifty.com,405-193-8806
LH6429,Segrott,bsegrott3q@howstuffworks.com,211-328-5038
WN5349,Brookwell,cbrookwell3r@google.cn,473-163-9836
SQ8281,Follos,lfollos3s@unicef.org,530-625-2047
NZ5365,Giacobini,kgiacobini3t@blogger.com,490-210-8197
NH1283,Byham,abyham3u@simplemachines.org,345-278-4012
QR5977,Vannoort,avannoort3v@sogou.com,888-924-4224
DL2731,Gammet,agammet3w@apple.com,578-838-0482
KL4500,Prendergast,jprendergast3x@sourceforge.net,139-208-4620
LA1545,Swyre,eswyre3y@imdb.com,722-282-3758
SA1191,Read,aread3z@redcross.org,363-139-2248
LH9308,Le Count,vlecount40@bbc.co.uk,691-809-8021
NZ9485,Laise,mlaise41@technorati.com,837-362-7955
AC5532,Wardrope,rwardrope42@flavors.me,518-285-3977
AF9700,Flemyng,lflemyng43@myspace.com,964-137-9604
SK3845,Keech,lkeech44@auda.org.au,641-443-7277
SQ1881,Stuther,ystuther45@amazon.co.jp,998-321-0828
AM8076,Massenhove,mmassenhove46@imgur.com,826-971-1118
LA5423,Goforth,bgoforth47@intel.com,182-706-4829
TG5589,Mollin,smollin48@51.la,829-702-3587
NH4005,Turbefield,sturbefield49@miibeian.gov.cn,419-211-9851
AV2754,Simononsky,lsimononsky4a@sourceforge.net,154-961-3082
QR8922,Biggadike,abiggadike4b@list-manage.com,165-896-9977
AC9211,Dace,bdace4c@moonfruit.com,256-246-9165
KL5358,Retter,eretter4d@cargocollective.com,361-556-1639
QR5172,Aitcheson,haitcheson4e@mapy.cz,511-219-6201
SA7022,Testin,ltestin4f@smh.com.au,635-610-7481
SK2088,MacAllister,emacallister4g@howstuffworks.com,483-843-1246
AC4052,Stoop,sstoop4h@paypal.com,900-596-1960
AV3620,Staunton,fstaunton4i@salon.com,825-900-9467
SK2434,Klimpt,vklimpt4j@cbc.ca,300-767-0012
SA2908,Dymocke,ndymocke4k@seattletimes.com,759-927-4224
DL2404,Popov,rpopov4l@nih.gov,720-766-8745
AI7401,Lashmore,alashmore4m@reddit.com,626-816-8634
EK9924,Ewbanche,pewbanche4n@devhub.com,185-847-2505
BA8026,Stephenson,rstephenson4o@merriam-webster.com,817-839-9536
IB7772,Ranklin,aranklin4p@nydailynews.com,889-289-7370
QR9090,Derycot,wderycot4q@gmpg.org,831-162-5925
SK4118,McClary,lmcclary4r@123-reg.co.uk,150-962-1734
NZ9950,Pyffe,gpyffe4s@sakura.ne.jp,183-266-5964
BA7332,Leil,lleil4t@china.com.cn,239-149-7891
AM1251,Govinlock,jgovinlock4u@columbia.edu,713-259-3478
IB8346,Staddart,dstaddart4v@addthis.com,774-756-4292
AV6273,Hollyland,mhollyland4w@springer.com,932-896-0758
NH7502,McKinna,smckinna4x@is.gd,539-693-8982
SK4238,Pyvis,ypyvis4y@cbslocal.com,172-462-5308
WN7700,Creeghan,gcreeghan4z@bigcartel.com,902-197-0250
SK7279,Jarley,sjarley50@phpbb.com,373-507-8212
AV5552,Doale,gdoale51@tinyurl.com,470-894-4028
KL9931,Hassur,chassur52@parallels.com,615-288-1606
EK1651,Varty,wvarty53@cbsnews.com,708-566-0413
NH5344,Farrens,dfarrens54@fda.gov,728-303-2138
AM5855,Donalson,mdonalson55@dailymail.co.uk,815-101-4846
KE1438,Hampe,fhampe56@sourceforge.net,123-147-4471
AV1217,Gammack,lgammack57@adobe.com,288-811-4225
AF3520,Reinbech,hreinbech58@unesco.org,236-726-9153
CX8450,Grinley,dgrinley59@facebook.com,574-147-3605
NH8513,Foxon,ifoxon5a@multiply.com,494-151-7558
SK5443,Dunnion,tdunnion5b@marriott.com,629-481-4489
SA7749,Lagen,klagen5c@usnews.com,854-912-9458
LA7466,Jaslem,cjaslem5d@purevolume.com,181-532-7481
AM1859,Challice,hchallice5e@symantec.com,407-928-5910
AC7816,Humblestone,nhumblestone5f@shareasale.com,801-584-4393
QR4142,Womersley,cwomersley5g@networksolutions.com,935-930-9391
AA9129,Betteson,rbetteson5h@xinhuanet.com,934-123-2956
AF4293,Puddefoot,apuddefoot5i@bandcamp.com,364-326-2737
LA8240,Emburey,jemburey5j@guardian.co.uk,614-958-6505
AM3700,Kesey,skesey5k@wordpress.org,646-329-9451
AV8368,Freddi,ofreddi5l@redcross.org,951-425-7840
EK7276,Briscow,bbriscow5m@samsung.com,186-628-0390
UA7048,Park,wpark5n@google.co.jp,889-532-8176
AV9841,Lymbourne,jlymbourne5o@skyrock.com,606-536-1275
UA4725,Estcot,cestcot5p@hubpages.com,400-145-0757
QF8415,Bellhouse,wbellhouse5q@dion.ne.jp,549-638-0458
NZ1569,Finlator,efinlator5r@marriott.com,208-720-9029
LH3978,Lorente,tlorente5s@1688.com,887-748-5215
KL7417,Hoyte,phoyte5t@discuz.net,936-405-1656
QR5341,Hanne,fhanne5u@google.cn,626-600-2162
AZ2796,Mainz,bmainz5v@imageshack.us,266-530-0349
AI6534,Bew,tbew5w@networkadvertising.org,358-910-6202
AA8683,Muat,mmuat5x@comcast.net,185-522-2784
KE7799,Gammell,bgammell5y@geocities.com,645-590-2891
KL1093,Edginton,cedginton5z@godaddy.com,386-404-1912
QR6930,Bosson,gbosson60@example.com,808-216-2669
WN5669,Swinn,bswinn61@wp.com,282-545-0027
NZ2820,Jedrzejewski,vjedrzejewski62@ycombinator.com,312-800-3750
SA2484,Pink,kpink63@amazon.co.uk,631-236-2465
UA3003,Hoy,lhoy64@google.co.uk,451-549-9473
KE3610,Ygo,fygo65@vkontakte.ru,305-851-1348
EK5965,Smiths,gsmiths66@mail.ru,952-120-9010
AA6083,Yakuntzov,lyakuntzov67@noaa.gov,520-661-4083
NH7134,Cattini,ccattini68@sohu.com,199-678-2332
KL7528,Aronowicz,jaronowicz69@devhub.com,120-985-5607
QR9328,LaBastida,blabastida6a@goo.gl,193-137-8539
SQ4019,Pleace,ppleace6b@ox.ac.uk,747-597-6427
NZ3482,Stonbridge,qstonbridge6c@blogger.com,833-294-5335
SK1258,Quinet,mquinet6d@arstechnica.com,245-359-1777
KL7108,Di Carlo,wdicarlo6e@google.es,831-810-3479
DL8533,Tenby,etenby6f@vimeo.com,257-905-4067
EK4610,Brandolini,obrandolini6g@blogger.com,593-495-9169
NH8525,Kiraly,dkiraly6h@xing.com,544-405-8719
IB7981,Percy,lpercy6i@dropbox.com,348-148-2270
QR2054,Berk,jberk6j@hud.gov,597-566-4945
AM4822,Roux,jroux6k@multiply.com,298-671-0720
BA3470,Cranstoun,rcranstoun6l@creativecommons.org,382-271-1720
AZ2355,Peile,tpeile6m@uol.com.br,887-667-8984
QR4532,Bennetts,dbennetts6n@smh.com.au,271-905-0573
UA1453,Brody,tbrody6o@wiley.com,593-360-6177
NZ9915,Bendell,mbendell6p@sciencedaily.com,552-984-2896
AZ3352,Maroney,emaroney6q@dion.ne.jp,105-951-1584
WN2597,Lownes,klownes6r@pagesperso-orange.fr,748-919-9717
AM8781,Renne,brenne6s@reverbnation.com,777-411-1677
LH5015,Fleury,afleury6t@wix.com,928-698-2313
AZ4087,Keighley,lkeighley6u@youtube.com,556-253-7988
AM1013,Veeler,rveeler6v@aboutads.info,110-591-2179
KL5867,Quarmby,zquarmby6w@ucoz.com,712-268-9094
ET1547,Chyuerton,schyuerton6x@discovery.com,652-936-3208
AZ3269,Glenister,eglenister6y@goodreads.com,308-443-4890
AA4462,Lanchester,alanchester6z@cmu.edu,359-135-5355
LH1888,Blundell,tblundell70@amazon.de,511-949-5259
DL9006,Dmitr,kdmitr71@webs.com,364-783-7725
AM7227,Giffkins,fgiffkins72@huffingtonpost.com,197-460-1965
QF3525,Sidle,rsidle73@wordpress.org,777-930-9674
NH7569,Hadaway,mhadaway74@omniture.com,259-914-2474
AV4476,Paskell,gpaskell75@patch.com,149-109-2148
KL4070,Sambeck,bsambeck76@soup.io,279-324-3065
DL3866,Mc Comb,zmccomb77@jugem.jp,599-697-8835
AV6273,Hearnes,fhearnes78@pinterest.com,141-244-6464
IB8511,Daulton,gdaulton79@twitpic.com,915-470-2804
CX4540,Noulton,snoulton7a@usnews.com,429-187-2300
AZ3806,Scurrer,ascurrer7b@deviantart.com,656-313-2044
UA6588,Fullard,sfullard7c@yolasite.com,542-766-8309
AF9744,Hassen,dhassen7d@devhub.com,550-573-3387
BA2109,Breagan,cbreagan7e@1688.com,374-564-1153
SK5816,Macias,cmacias7f@t-online.de,608-775-6077
EK2123,Paffot,npaffot7g@technorati.com,543-789-1934
KE1960,Espley,cespley7h@yellowpages.com,589-524-9717
IB4266,Bartlomieczak,nbartlomieczak7i@storify.com,818-441-2327
TG3344,Franchioni,cfranchioni7j@de.vu,357-419-4823
EK6023,Aubert,baubert7k@java.com,399-143-5029
AC8541,Rimbault,vrimbault7l@wikimedia.org,146-515-0860
AM7742,Brastead,jbrastead7m@sfgate.com,286-474-8279
BA3644,Alloisi,salloisi7n@woothemes.com,952-840-1256
AC1668,Hallock,lhallock7o@wp.com,933-274-6925
LA4064,Delap,rdelap7p@narod.ru,416-400-6883
AA3291,Triggle,ktriggle7q@amazon.co.uk,640-402-8521
WN5788,Boyland,kboyland7r@amazon.co.uk,114-851-4129
BA8849,Leist,ileist7s@symantec.com,596-119-4803
LH6321,Clampe,nclampe7t@craigslist.org,946-802-9337
BA8723,Cripps,kcripps7u@baidu.com,323-531-6779
LH3536,Alden,halden7v@si.edu,970-847-9734
SQ2917,Wrightim,jwrightim7w@cmu.edu,757-382-4306
AZ4564,Menghi,amenghi7x@163.com,605-735-0567
EK2258,Redholes,mredholes7y@dailymotion.com,147-642-6943
LA6997,Baddiley,sbaddiley7z@huffingtonpost.com,661-898-4265
AF1830,Simoens,vsimoens80@utexas.edu,136-698-7390
QR4142,O'Devey,vodevey81@ihg.com,602-341-6895
ET7115,Cotelard,scotelard82@last.fm,845-282-4237
EK8571,Risebarer,mrisebarer83@baidu.com,794-622-6066
CX1574,Eberst,beberst84@cornell.edu,598-942-1601
CX9614,Whayman,gwhayman85@mtv.com,318-664-2534
KL8812,Deighton,edeighton86@salon.com,742-103-8816
AI6535,Swannie,eswannie87@dot.gov,532-386-9179
UA7048,Curado,acurado88@dot.gov,356-387-6053
TG8972,Mattsson,pmattsson89@arizona.edu,783-173-4190
KL6659,McPartlin,nmcpartlin8a@plala.or.jp,395-716-5246
DL4972,Dwelly,pdwelly8b@wsj.com,876-452-8062
DL6351,Desorts,pdesorts8c@statcounter.com,329-408-2819
CX2657,Bannester,ebannester8d@sogou.com,225-746-4276
SQ5805,Armour,marmour8e@reddit.com,208-738-4219
WN5400,Deare,ddeare8f@google.com.br,532-463-0127
IB7731,Farraway,lfarraway8g@japanpost.jp,758-219-6141
UA5241,Tales,dtales8h@alexa.com,958-771-5585
LH1606,Skehan,sskehan8i@geocities.com,812-856-2474
AI2948,Walas,twalas8j@mozilla.org,809-702-2627
EK9265,Aubert,jaubert8k@redcross.org,951-592-7752
NH5825,Rendall,rrendall8l@hhs.gov,543-206-4384
AZ8697,Daine,adaine8m@skyrock.com,990-984-2394
SK6736,Danilyak,ddanilyak8n@linkedin.com,454-650-4520
KE1111,Pownall,apownall8o@guardian.co.uk,362-731-8454
ET1712,Oldcote,soldcote8p@ocn.ne.jp,415-355-8772
KE9236,McGlaughn,lmcglaughn8q@yelp.com,624-639-2047
KL9281,Jennemann,djennemann8r@slashdot.org,580-848-9772
AI3208,Cicco,scicco8s@dell.com,227-789-8514
SA2613,Persse,fpersse8t@shutterfly.com,663-551-3667
BA4570,Baigrie,cbaigrie8u@cdbaby.com,109-330-1341
DL5388,Castri,fcastri8v@facebook.com,521-985-1156
TG1611,Seater,iseater8w@comsenz.com,698-450-1787
SK2136,Nuscha,bnuscha8x@macromedia.com,909-124-9742
SK4657,Vuittet,cvuittet8y@aol.com,201-877-1352
SK4098,Haskur,shaskur8z@ameblo.jp,606-739-8452
NZ1680,Fontelles,dfontelles90@w3.org,618-775-6145
AF5181,Fendley,cfendley91@1688.com,257-530-0690
TG3796,Hatzar,shatzar92@360.cn,419-556-0163
CX4795,Le Grove,klegrove93@google.co.uk,793-301-6959
AF9744,Imlen,dimlen94@yandex.ru,565-973-2095
QR7112,Lissemore,mlissemore95@narod.ru,626-534-9039
DL5388,Danat,pdanat96@jimdo.com,508-808-7855
WN2114,Ugolini,sugolini97@foxnews.com,204-143-2235
LA9817,Thewlis,mthewlis98@flickr.com,940-415-9252
AA8853,Bech,jbech99@fc2.com,318-460-6138
TG9054,Losebie,rlosebie9a@slideshare.net,470-655-5771
QF2874,McCombe,lmccombe9b@java.com,741-681-1189
TG3912,Culkin,kculkin9c@slashdot.org,153-487-4070
LA8013,Furzey,cfurzey9d@twitpic.com,622-925-5756
WN1086,Stallibrass,astallibrass9e@icio.us,244-644-8855
DL7893,Monte,tmonte9f@abc.net.au,776-312-1284
SA4032,Murrie,gmurrie9g@aboutads.info,506-245-2573
QR5279,Guenther,nguenther9h@last.fm,628-753-9760
NZ4231,De Cristoforo,bdecristoforo9i@hubpages.com,574-784-3267
SK8185,Rasp,krasp9j@about.me,440-195-2269
AF1830,Matuskiewicz,lmatuskiewicz9k@pagesperso-orange.fr,147-408-0287
SA9373,Hidderley,dhidderley9l@yolasite.com,241-573-2289
KE6665,Junifer,mjunifer9m@mysql.com,229-371-9235
AM5776,Hiddy,chiddy9n@discuz.net,781-381-3177
EK8073,Dalgliesh,adalgliesh9o@sfgate.com,879-887-4874
NH2788,Andrusov,aandrusov9p@symantec.com,882-470-6299
UA4737,Buckleigh,bbuckleigh9q@so-net.ne.jp,768-531-7814
BA8735,Rumsey,trumsey9r@drupal.org,652-590-0013
AZ1147,De Matteis,tdematteis9s@bbc.co.uk,456-821-1057
KL8738,Garretson,cgarretson9t@washingtonpost.com,975-343-6438
AI1343,Melesk,mmelesk9u@archive.org,945-644-2533
SQ9526,Illing,tilling9v@devhub.com,215-258-0024
SQ9977,Thorogood,sthorogood9w@nhs.uk,442-213-9974
QR7112,Voysey,fvoysey9x@example.com,713-674-4871
UA6565,Bidmead,jbidmead9y@de.vu,498-933-0257
BA2226,Bignell,bbignell9z@jiathis.com,750-546-0134
LH9806,Osgerby,kosgerbya0@msu.edu,212-316-0374
ET1450,Rubinowitsch,lrubinowitscha1@sitemeter.com,363-688-4940
LA9322,Fernandes,tfernandesa2@latimes.com,532-491-0488
AZ2999,Lyte,rlytea3@intel.com,753-345-4456
ET5520,Bauchop,gbauchopa4@prlog.org,815-280-1708
AI2709,Haskayne,hhaskaynea5@aol.com,741-672-7307
LH7119,Morais,fmoraisa6@booking.com,215-573-6903
AM9204,Oertzen,moertzena7@angelfire.com,270-275-3638
QR3479,Phillpotts,sphillpottsa8@usgs.gov,546-568-6436
KL6936,Laytham,ilaythama9@businessinsider.com,444-380-7513
LH4336,Halleday,challedayaa@wufoo.com,850-942-5009
SA5035,Backsal,sbacksalab@newsvine.com,638-497-6483
TG9997,Offiler,joffilerac@usgs.gov,474-517-3931
NZ3102,Edgcombe,ledgcombead@pcworld.com,908-672-4257
AA1659,Bedburrow,sbedburrowae@wiley.com,238-479-4150
EK3787,Goodbarr,agoodbarraf@t-online.de,759-325-1912
BA2559,Espinoy,hespinoyag@comcast.net,783-709-1583
TG5265,Juniper,gjuniperah@themeforest.net,227-474-4126
KL2299,Frane,rfraneai@spotify.com,750-548-8461
AI6847,Hinder,lhinderaj@xing.com,722-700-2725
AI8120,Leaburn,vleaburnak@chronoengine.com,320-688-9967
WN1688,Andrzej,mandrzejal@list-manage.com,802-833-2191
LH1304,Cobden,gcobdenam@walmart.com,399-699-6041
KE1190,Laurencot,rlaurencotan@mit.edu,829-585-4746
KE3686,Melsom,smelsomao@newyorker.com,697-195-4978
AM4818,Dando,vdandoap@1688.com,852-351-1399
SA8070,Trew,btrewaq@furl.net,281-839-8714
CX8353,Weatherell,tweatherellar@foxnews.com,672-397-7754
SA3457,Grasser,wgrasseras@nymag.com,655-807-4877
SK7810,Linnitt,mlinnittat@networkadvertising.org,119-614-0509
AC2767,Fruen,cfruenau@xing.com,284-152-8758
KL3038,Brodest,ibrodestav@baidu.com,141-432-6679
NH2293,Dyett,cdyettaw@t-online.de,841-594-3435
ET6234,Reekie,creekieax@etsy.com,347-182-9290
AZ2754,Bresman,nbresmanay@typepad.com,752-474-9245
IB1555,Brolly,rbrollyaz@addtoany.com,621-379-5038
DL9764,Snasel,csnaselb0@shareasale.com,474-727-7131
SK2434,Serjeant,gserjeantb1@businessinsider.com,928-229-3323
NZ2829,Wiggett,kwiggettb2@homestead.com,294-115-7817
WN5923,Harvie,aharvieb3@va.gov,934-540-3703
EK9741,Clutheram,pclutheramb4@pen.io,464-713-2514
WN8141,Stoven,estovenb5@cyberchimps.com,779-618-1751
AA8953,Gathercoal,tgathercoalb6@utexas.edu,636-138-6307
AZ8496,Climpson,lclimpsonb7@scientificamerican.com,527-202-0622
TG3656,Wyllie,mwyllieb8@a8.net,815-914-0638
NZ3854,Sobieski,esobieskib9@goo.gl,840-392-3133
IB4805,Ottam,rottamba@slate.com,732-877-4384
AA4011,Lindsey,tlindseybb@unicef.org,207-745-5421
IB8526,Pursey,gpurseybc@mozilla.org,328-960-0653
KE9560,Rainford,mrainfordbd@patch.com,912-308-4309
AZ7452,Hinchon,ahinchonbe@mozilla.com,208-666-9768
AI3823,Waye,twayebf@deliciousdays.com,794-550-9881
AA5127,Glenny,lglennybg@mit.edu,377-322-6390
QR3487,Haker,nhakerbh@mapquest.com,539-726-5555
KE1775,Ledekker,kledekkerbi@unblog.fr,328-101-3023
QF5738,Scates,lscatesbj@goo.gl,521-552-3705
TG6754,Blest,eblestbk@quantcast.com,469-834-8869
SK1308,Cagan,tcaganbl@studiopress.com,640-333-8791
ET5903,Boom,mboombm@ted.com,781-266-3046
BA7435,Noyes,mnoyesbn@jugem.jp,122-841-9845
UA3225,Croley,gcroleybo@privacy.gov.au,186-411-9699
IB2634,Kolin,bkolinbp@i2i.jp,341-633-3841
NZ7086,Tythe,ltythebq@google.com.au,111-469-5560
SK2122,Brabon,dbrabonbr@fema.gov,330-140-8552
TG8950,Spinige,cspinigebs@microsoft.com,796-150-6950
NZ4614,Sweet,asweetbt@mediafire.com,212-930-8209
AI2595,Northam,anorthambu@w3.org,173-171-8466
KL9046,Chinnock,rchinnockbv@utexas.edu,352-888-8336
CX9836,Kinghorn,kkinghornbw@japanpost.jp,696-374-7353
SK8375,Bikker,mbikkerbx@noaa.gov,332-335-9733
SK5087,Dulson,udulsonby@nih.gov,372-669-2003
DL9764,Bubeer,pbubeerbz@cnet.com,843-300-4970
NZ5573,Mahomet,nmahometc0@china.com.cn,957-924-7686
WN4714,Billings,rbillingsc1@hp.com,966-553-5267
DL2593,Stoter,dstoterc2@google.de,809-467-2638
UA4308,Ivatts,jivattsc3@usda.gov,248-154-6349
AC7203,Isherwood,iisherwoodc4@shutterfly.com,309-826-3787
KE2908,Gadd,mgaddc5@google.de,241-690-1212
NH4125,Eake,meakec6@opera.com,359-343-9096
SA2305,Pickerill,xpickerillc7@jalbum.net,249-940-2188
NZ2559,Toman,ptomanc8@pcworld.com,554-863-7967
AZ2355,Philip,gphilipc9@histats.com,314-210-7542
EK7596,Godmer,vgodmerca@surveymonkey.com,875-939-6487
LH4339,Hallaways,dhallawayscb@census.gov,629-552-1534
AM2494,Woods,lwoodscc@jimdo.com,161-308-1539
NZ6628,Rydzynski,mrydzynskicd@themeforest.net,575-254-9668
KE1775,Franzonetti,efranzonettice@infoseek.co.jp,917-349-8147
AA8464,Jovic,sjoviccf@fema.gov,285-713-4139
QF1039,Lingwood,zlingwoodcg@quantcast.com,291-585-4295
TG3624,Edmeades,ledmeadesch@skyrock.com,525-644-1995
AA1980,Cumberbatch,dcumberbatchci@ucla.edu,489-267-5881
WN2597,Enderby,renderbycj@blogtalkradio.com,769-240-6622
ET4912,Rothchild,jrothchildck@admin.ch,377-384-1145
BA8810,Davys,mdavyscl@timesonline.co.uk,998-615-6097
EK4517,Plett,fplettcm@epa.gov,485-301-8703
NZ6282,Faughnan,afaughnancn@irs.gov,653-158-3132
SQ8804,Tonkin,atonkinco@gov.uk,206-769-4639
AV2697,Ladbrook,wladbrookcp@mozilla.org,537-432-4139
AM6158,Dorney,edorneycq@freewebs.com,126-551-1151
TG1883,Jumeau,tjumeaucr@utexas.edu,890-148-5341
NH9438,Wimmers,pwimmerscs@foxnews.com,882-919-4422
AA7975,Khilkov,ekhilkovct@hatena.ne.jp,842-386-6458
DL3679,Spennock,sspennockcu@squidoo.com,984-499-2740
AM9767,Shearsby,bshearsbycv@discovery.com,331-150-3767
NH2177,Crookshank,scrookshankcw@oracle.com,772-737-6039
AZ2082,Cornewall,zcornewallcx@slashdot.org,635-827-7733
QR1805,Ambrois,hambroiscy@techcrunch.com,129-392-7999
ET4570,Scotchmoor,lscotchmoorcz@amazon.co.jp,393-209-3214
ET1905,Ivatts,rivattsd0@linkedin.com,209-970-9296
NH3493,McGowing,gmcgowingd1@utexas.edu,636-940-1419
SK4698,Queste,cquested2@nhs.uk,369-906-6790
SK4212,Sweetman,hsweetmand3@google.it,900-595-0776
TG7094,Hancke,khancked4@is.gd,664-178-8161
KL7820,Jeannequin,rjeannequind5@wisc.edu,280-186-2979
AC2407,Clinning,bclinningd6@china.com.cn,140-668-2719
AI2096,Sullivan,ksullivand7@tmall.com,630-968-4450
DL5702,Philippault,aphilippaultd8@pen.io,569-148-0497
AZ2284,Kerton,pkertond9@java.com,962-635-9072
UA6219,Bigglestone,dbigglestoneda@php.net,245-506-3060
SA6768,Gaspar,agaspardb@devhub.com,560-657-3159
AZ2999,Crosier,ccrosierdc@weebly.com,559-939-8870
NZ2874,Greggs,cgreggsdd@bbb.org,915-725-0165
KE5876,Mussetti,rmussettide@engadget.com,594-225-4141
ET3606,Close,gclosedf@google.fr,785-171-7205
AF1748,Stanistreet,cstanistreetdg@sbwire.com,683-916-5489
UA3225,Milsted,emilsteddh@engadget.com,758-425-0857
AM8041,Chappell,rchappelldi@linkedin.com,319-504-2627
SK3956,Gerrans,agerransdj@photobucket.com,594-726-5890
UA7363,Wais,cwaisdk@1und1.de,774-286-5312
IB3593,Zambonini,czamboninidl@nba.com,859-819-6409
AA2376,Finlaison,wfinlaisondm@mozilla.com,441-980-8284
EK9505,Keers,kkeersdn@macromedia.com,189-371-4903
KL8886,Fullilove,afullilovedo@live.com,402-359-0381
QR4584,Crother,ccrotherdp@twitpic.com,599-257-6560
DL5422,Blare,eblaredq@java.com,122-157-7854
LH5685,Parradine,mparradinedr@redcross.org,376-315-2722
CX6773,Shoveller,bshovellerds@globo.com,270-348-5561
LH8065,Crafter,ccrafterdt@google.ru,567-580-2130
NH2223,Mablestone,smablestonedu@sogou.com,689-758-5990
TG7327,Juszczyk,jjuszczykdv@tmall.com,958-614-0886
SQ1339,Feldbau,efeldbaudw@nbcnews.com,401-433-3498
SQ6766,L'Hommeau,glhommeaudx@fema.gov,846-791-7280
AA8500,Cluderay,tcluderaydy@wp.com,601-614-8579
ET2517,Beedie,rbeediedz@elpais.com,215-150-2779
AC9050,Sydenham,psydenhame0@huffingtonpost.com,405-194-6744
TG9654,Tebald,mtebalde1@163.com,574-231-5560
AV8641,Widdison,ewiddisone2@state.gov,213-109-1220
AV4168,Macken,gmackene3@addtoany.com,517-782-1981
AC1726,Fibbens,sfibbense4@vimeo.com,872-730-0015
QR7179,Lisamore,elisamoree5@un.org,804-391-4030
TG2002,Alflatt,kalflatte6@upenn.edu,541-613-6953
QF9353,Wanderschek,dwanderscheke7@privacy.gov.au,343-564-5045
LA4554,Walkley,lwalkleye8@uiuc.edu,795-402-3820
QF1789,Manley,kmanleye9@godaddy.com,329-443-0312
KE9821,Matfield,rmatfieldea@biglobe.ne.jp,105-120-5209
WN2104,McDade,cmcdadeeb@odnoklassniki.ru,723-940-8189
SA1026,Bowles,kbowlesec@usa.gov,693-230-8567
ET7205,Sola,wsolaed@gmpg.org,115-136-3590
TG4778,Gerrans,jgerransee@booking.com,116-837-5968
AM4035,Gatenby,rgatenbyef@arizona.edu,205-927-5223
QF3938,Matzkaitis,tmatzkaitiseg@deviantart.com,740-970-1102
BA6647,Pitson,dpitsoneh@seesaa.net,226-466-8248
KE8581,Loomes,cloomesei@usatoday.com,897-532-6560
AV8998,Banner,rbannerej@fda.gov,109-598-9515
AA9509,Niles,onilesek@amazonaws.com,469-861-0251
LA5663,Ruddlesden,oruddlesdenel@yahoo.com,848-307-9842
WN3007,Clingoe,jclingoeem@gizmodo.com,116-546-1850
AM2109,Gathercole,mgathercoleen@nsw.gov.au,786-968-4631
SK4478,McGeorge,emcgeorgeeo@multiply.com,604-958-6496
IB4913,Depka,hdepkaep@epa.gov,901-152-7511
LH6753,Camfield,tcamfieldeq@imgur.com,700-847-5470
BA3590,Tonna,ctonnaer@vinaora.com,180-307-2597
WN3151,Dingate,ddingatees@narod.ru,772-305-5491
NZ9950,Pedro,mpedroet@google.fr,598-964-1580
QF3711,Beebis,dbeebiseu@oracle.com,636-707-9612
SA3890,Keeting,ckeetingev@quantcast.com,153-773-1223
KE3093,Feldmus,sfeldmusew@tumblr.com,339-114-7350
AZ6073,Rauprich,yrauprichex@wired.com,884-441-4371
WN5405,Emanuel,lemanueley@wikispaces.com,952-969-5809
QF9225,Stagge,kstaggeez@washingtonpost.com,197-308-8644
NZ1813,Lambdean,alambdeanf0@amazon.com,950-933-0934
LA7059,Radford,eradfordf1@europa.eu,660-166-5604
KE7078,Cosh,kcoshf2@sohu.com,577-174-2417
DL3866,Toffler,itofflerf3@techcrunch.com,131-665-4636
NZ6357,Blonden,mblondenf4@skype.com,771-655-9654
AF5186,Doubrava,cdoubravaf5@cnbc.com,782-251-6567
AC6451,Gouly,agoulyf6@bbb.org,303-500-4250
AC3279,Olczyk,eolczykf7@blogger.com,667-217-5457
WN3907,Lackham,blackhamf8@seattletimes.com,261-824-6792
SK7629,Conford,jconfordf9@scientificamerican.com,584-121-9597
SK2389,Cantillon,kcantillonfa@blog.com,366-748-6472
QF1329,Paoletto,rpaolettofb@chronoengine.com,837-846-8467
AV2822,Abberley,sabberleyfc@hc360.com,216-107-0502
AM5087,Ecob,cecobfd@gizmodo.com,337-380-4708
AA1003,Braunstein,kbraunsteinfe@ftc.gov,816-165-1084
ET5950,Skokoe,kskokoeff@yahoo.co.jp,461-512-7577
IB8664,Provis,mprovisfg@psu.edu,753-446-6263
QR9331,Prosh,aproshfh@patch.com,140-751-1138
AA5573,Klehyn,mklehynfi@mozilla.org,550-885-7803
WN2810,Boggis,mboggisfj@geocities.com,710-740-9953
AM4822,Lutwidge,alutwidgefk@aboutads.info,791-611-1489
QF3279,Widdecombe,nwiddecombefl@bloglines.com,596-492-8228
DL6952,Sibbit,usibbitfm@disqus.com,134-333-9481
QF9280,Cardoe,zcardoefn@cdc.gov,576-340-1160
AV4396,Wemm,dwemmfo@flavors.me,584-899-6754
NZ4614,Bashford,wbashfordfp@yellowpages.com,658-358-0213
KL3471,Kenson,wkensonfq@weather.com,567-115-7883
KL9285,Mosen,wmosenfr@prnewswire.com,901-249-9610
SK8026,Ticic,dticicfs@lycos.com,888-945-0984
TG5589,Hedgeman,xhedgemanft@buzzfeed.com,925-976-3682
EK8650,O'Dyvoy,kodyvoyfu@amazon.de,714-783-2346
AM8176,Sheehan,ksheehanfv@reference.com,280-632-4871
QR2054,Dewhirst,cdewhirstfw@ehow.com,862-607-2070
QR4927,Godthaab,mgodthaabfx@bravesites.com,542-906-3268
AC5689,Yancey,kyanceyfy@statcounter.com,695-491-2828
AC4014,McAlinion,fmcalinionfz@google.com.au,459-789-6022
LA1461,Greyes,mgreyesg0@indiegogo.com,921-188-4872
QF9924,Newcomb,dnewcombg1@arizona.edu,398-914-1744
BA1583,Halladay,mhalladayg2@ca.gov,180-887-3198
UA1158,Lauder,rlauderg3@technorati.com,221-578-6326
DL5696,Idiens,gidiensg4@wordpress.com,213-989-1809
QR4802,Dewane,edewaneg5@cocolog-nifty.com,385-336-1167
NZ9504,Masey,rmaseyg6@businessinsider.com,838-797-9526
AM9824,Olliffe,bolliffeg7@friendfeed.com,346-242-6965
LH8821,Pridie,epridieg8@huffingtonpost.com,629-190-8048
DL6866,Fludder,rfludderg9@scribd.com,154-941-4392
KE2015,Bartholomieu,sbartholomieuga@craigslist.org,855-666-8137
SK4469,Bolles,gbollesgb@zimbio.com,256-944-5664
AZ9148,Stallebrass,astallebrassgc@amazon.co.uk,950-641-6560
AM8708,Biskupiak,hbiskupiakgd@unc.edu,911-429-4897
LA1017,Busek,cbusekge@answers.com,352-226-0197
ET8142,Donke,ddonkegf@cdbaby.com,809-527-6678
IB7853,Genner,rgennergg@technorati.com,957-473-1529
NZ4335,Wife,vwifegh@twitpic.com,926-949-9128
AA8500,Bresman,nbresmangi@cdbaby.com,264-277-8580
SQ9336,Hannabus,ghannabusgj@comsenz.com,281-896-0460
LA4328,Suggitt,csuggittgk@github.io,493-252-4123
AZ1940,Backshell,lbackshellgl@bandcamp.com,751-585-3057
LA3551,Tummasutti,ltummasuttigm@ftc.gov,814-121-6698
IB3773,Phillipps,bphillippsgn@dot.gov,349-818-3840
SK4476,Scadden,fscaddengo@diigo.com,158-934-9790
KL7602,Atwel,gatwelgp@acquirethisname.com,512-993-9722
SK2761,Kiely,ckielygq@ebay.co.uk,925-647-2680
AM2018,Mossdale,bmossdalegr@delicious.com,724-333-3985
NH6772,Bodill,ebodillgs@plala.or.jp,858-174-0562
KE3828,Lean,aleangt@shinystat.com,215-255-6127
UA6679,Cramp,bcrampgu@flavors.me,935-458-8016
AF1670,Lazell,clazellgv@51.la,556-402-3801
AA5870,Waiting,bwaitinggw@ucoz.com,130-775-4392
LH8191,Broderick,kbroderickgx@ehow.com,767-823-3936
QR9185,Mahaddie,smahaddiegy@pagesperso-orange.fr,515-146-6638
IB9186,Wemyss,lwemyssgz@addthis.com,596-603-6560
QR5279,Thamelt,bthamelth0@cpanel.net,705-271-3339
LA4328,Harrowsmith,charrowsmithh1@myspace.com,499-329-5829
EK7931,Colville,acolvilleh2@hexun.com,890-442-2872
ET4685,Janeway,rjanewayh3@a8.net,180-374-5991
AZ5214,Goggen,dgoggenh4@pcworld.com,488-933-9996
IB3933,Langmuir,rlangmuirh5@webs.com,679-766-0471
ET2047,Jolley,mjolleyh6@amazon.com,865-261-4650
KL2988,Fitkin,ifitkinh7@goodreads.com,335-671-1373
IB4796,Gumm,jgummh8@mashable.com,340-596-9039
AC7732,Waycott,bwaycotth9@constantcontact.com,413-451-9080
NZ9559,Giacopini,mgiacopiniha@dropbox.com,878-859-6335
DL5644,Fidgett,jfidgetthb@ebay.com,414-477-5041
LA9817,Bentjens,hbentjenshc@printfriendly.com,112-728-6358
TG7834,Kyndred,gkyndredhd@infoseek.co.jp,706-375-3854
BA4142,Haberfield,phaberfieldhe@nymag.com,971-382-8885
SQ5766,Coldbreath,lcoldbreathhf@walmart.com,464-792-9635
BA5347,Wraighte,rwraightehg@delicious.com,833-805-3406
SQ3366,Yosifov,tyosifovhh@cornell.edu,722-249-2570
NH8896,Covert,acoverthi@google.es,540-363-0731
SK6736,Dare,ddarehj@opensource.org,313-692-3028
AV1393,Branch,rbranchhk@purevolume.com,301-140-6452
TG6898,Micklem,smicklemhl@bigcartel.com,502-356-5874
SQ4430,Armall,uarmallhm@tmall.com,615-215-3602
LH9130,Adran,eadranhn@ask.com,197-610-1984
CX9928,Doree,mdoreeho@sciencedaily.com,902-229-4656
QF3876,Scott,vscotthp@answers.com,152-384-1218
TG3547,Powton,npowtonhq@theguardian.com,771-224-7194
IB5029,Keitley,mkeitleyhr@soup.io,177-184-3769
SA3589,Daintier,vdaintierhs@irs.gov,827-387-0651
QR9258,Furmenger,sfurmengerht@facebook.com,369-493-9581
KE7499,Sharrock,fsharrockhu@howstuffworks.com,175-486-3508
UA9753,Tootell,utootellhv@telegraph.co.uk,139-667-2688
NZ8627,Esherwood,lesherwoodhw@google.de,527-878-0936
KE1537,Lurcock,glurcockhx@ihg.com,693-768-9409
AM8781,Drillingcourt,hdrillingcourthy@google.com.au,281-452-2395
EK7825,Catling,acatlinghz@facebook.com,500-194-3870
TG5312,Cathery,ccatheryi0@bravesites.com,159-620-4091
TG4764,Torrie,mtorriei1@europa.eu,366-915-9864
LH9425,Bredes,dbredesi2@nytimes.com,667-138-7648
KL3239,Legerwood,tlegerwoodi3@51.la,689-561-6173
ET1712,Westgate,dwestgatei4@cafepress.com,872-389-0941
AA8928,Sunock,isunocki5@gov.uk,850-383-0105
WN7860,Piotrowski,lpiotrowskii6@china.com.cn,805-541-2311
AA2358,Mingay,kmingayi7@twitter.com,956-502-2384
AI7579,Teeney,dteeneyi8@symantec.com,842-544-9041
SK8608,Wix,mwixi9@va.gov,436-422-4790
NZ6359,Gilbertson,pgilbertsonia@github.com,935-455-1887
NZ8627,Dogg,mdoggib@nhs.uk,590-934-6028
BA6528,Sowte,gsowteic@github.io,711-994-4792
EK4479,Coppeard,pcoppeardid@seesaa.net,502-981-7809
SA8759,Alcott,dalcottie@techcrunch.com,742-396-6809
NZ1302,Rickersy,mrickersyif@china.com.cn,895-187-9882
BA7089,Poles,zpolesig@umich.edu,757-814-0232
NZ4265,Slemmonds,dslemmondsih@digg.com,117-248-0250
LH2851,Elener,delenerii@mashable.com,730-885-7658
QR3285,Kenrack,akenrackij@i2i.jp,265-125-1682
QF5718,Berrane,kberraneik@miitbeian.gov.cn,361-374-4919
AV3679,Guidelli,aguidelliil@ezinearticles.com,836-277-7561
KL4223,Sworne,dsworneim@github.io,741-895-4267
ET3206,Goghin,jgoghinin@arstechnica.com,228-742-3175
UA5586,Vasilischev,wvasilischevio@example.com,351-513-6089
AC7134,Winspear,awinspearip@g.co,237-960-0150
SQ1109,Heindl,dheindliq@thetimes.co.uk,689-792-5971
EK5372,Jansen,ajansenir@phpbb.com,368-914-5742
EK2700,Garden,bgardenis@cyberchimps.com,810-860-2221
TG4099,Calverd,acalverdit@nasa.gov,486-295-3053
AA6513,Revance,krevanceiu@ask.com,122-670-7752
QF1326,Kensit,ckensitiv@microsoft.com,294-470-2497
SA2350,Forsaith,kforsaithiw@diigo.com,143-219-4589
SQ9484,Lamar,hlamarix@de.vu,285-522-9326
AV3764,Haggarth,chaggarthiy@ycombinator.com,591-549-3401
NZ4633,Sellar,psellariz@networkadvertising.org,222-261-6803
AC3285,Scotting,zscottingj0@woothemes.com,159-361-9907
QR9690,Ivashnyov,divashnyovj1@adobe.com,489-779-3720
SA9098,McCrea,gmccreaj2@jalbum.net,209-435-5778
KE9018,Marfield,smarfieldj3@google.pl,257-693-8963
LA1646,McAline,jmcalinej4@nydailynews.com,725-720-9061
AV2822,Siene,rsienej5@tiny.cc,897-139-8478
SK4478,Mayho,mmayhoj6@t-online.de,558-553-8617
AC4052,Leete,cleetej7@japanpost.jp,311-646-1340
AF4268,Rebichon,trebichonj8@sphinn.com,403-544-8720
KL7515,Stubbins,lstubbinsj9@google.co.jp,574-296-3501
WN4924,Van Oort,vvanoortja@google.nl,537-155-7090
KL6524,Ickov,bickovjb@symantec.com,155-742-3801
UA5839,Danby,pdanbyjc@go.com,347-568-1028
CX9201,Beazleigh,hbeazleighjd@google.com.br,865-774-0920
EK1649,Tebbit,atebbitje@pcworld.com,404-770-3499
SQ1726,Navarro,mnavarrojf@smh.com.au,254-780-2144
QR9258,Luipold,aluipoldjg@soundcloud.com,241-550-5902
SK2568,Pashenkov,spashenkovjh@moonfruit.com,118-684-3253
SK9394,McCart,lmccartji@thetimes.co.uk,127-885-8706
ET3206,Djurevic,pdjurevicjj@cmu.edu,641-866-6329
KE2894,Vanini,lvaninijk@jimdo.com,625-376-4195
KE5966,Spradbrow,aspradbrowjl@uol.com.br,586-376-4732
AF8924,Spencley,fspencleyjm@weibo.com,817-975-2237
AI5828,Padell,epadelljn@nyu.edu,581-641-4779
KL7867,Mugglestone,nmugglestonejo@youtube.com,142-325-0917
EK6819,Kohn,ckohnjp@google.com.au,663-663-4082
SQ5245,Mark,hmarkjq@archive.org,337-702-4272
NZ7946,McConnulty,vmcconnultyjr@sourceforge.net,362-173-8770
AZ7419,Mandy,vmandyjs@lycos.com,978-873-4888
KL2846,Stronge,jstrongejt@adobe.com,411-133-6520
KL2424,Grestye,bgrestyeju@pcworld.com,769-906-9531
AZ5063,McCuish,mmccuishjv@scientificamerican.com,860-128-5185
AI2719,McNiven,smcnivenjw@dot.gov,306-355-6461
IB8620,Tod,vtodjx@yale.edu,106-335-8215
SA5420,Murney,amurneyjy@si.edu,998-589-3250
SQ4113,Rabier,jrabierjz@abc.net.au,842-284-6553
NH8283,Pendell,cpendellk0@1und1.de,480-964-2789
NZ1348,McVrone,mmcvronek1@google.es,835-749-6729
KE7320,Cordel,acordelk2@diigo.com,488-315-2488
AM4741,Nardoni,tnardonik3@trellian.com,327-549-7421
WN5098,Fevier,mfevierk4@washingtonpost.com,365-293-9092
LA3325,Mathiassen,rmathiassenk5@adobe.com,766-770-2694
UA8537,Toward,dtowardk6@jiathis.com,579-747-4191
IB2768,Hawket,chawketk7@myspace.com,640-807-0927
EK4332,Schober,fschoberk8@mozilla.org,213-718-8612
AI2578,Summerlad,csummerladk9@reuters.com,583-324-1886
NH3518,Huggons,chuggonska@t.co,772-705-0379
ET1908,Jemmett,pjemmettkb@biblegateway.com,356-393-0116
BA7761,Rothschild,arothschildkc@google.it,657-817-1114
LA2284,Garlick,tgarlickkd@discovery.com,480-396-2281
DL8321,Colkett,ecolkettke@theglobeandmail.com,735-104-4186
EK8611,Menendes,smenendeskf@webnode.com,244-757-4666
AA6867,Edwin,wedwinkg@google.com.au,669-437-1876
KL5155,Gostick,cgostickkh@hibu.com,112-586-5208
KE3806,Arnaldi,narnaldiki@discovery.com,766-820-7999
KE6811,Wethered,cwetheredkj@51.la,408-680-7708
QR9685,Schutt,tschuttkk@un.org,657-498-8728
LA1250,Thews,gthewskl@mail.ru,207-231-3575
SQ4586,Randles,arandleskm@slashdot.org,978-908-5432
SA2908,Hopkyns,bhopkynskn@biblegateway.com,128-800-2838
SK5314,Handscombe,rhandscombeko@dell.com,762-189-0995
NZ9071,Illes,jilleskp@craigslist.org,318-316-7177
IB2973,Haps,ghapskq@sitemeter.com,773-468-4239
SK4122,Ginn,mginnkr@sciencedaily.com,899-345-6360
SA8371,Cully,gcullyks@loc.gov,736-460-8361
WN3136,Cutcliffe,scutcliffekt@earthlink.net,510-687-8509
DL5422,Heffer,chefferku@blogger.com,139-389-5753
AZ4856,Brafield,rbrafieldkv@artisteer.com,507-778-7133
NZ8627,De Ruel,jderuelkw@virginia.edu,753-137-5871
IB7632,Buttrum,bbuttrumkx@imgur.com,100-265-3411
SQ4603,Barthod,tbarthodky@apple.com,787-473-7141
AV9936,Oseman,yosemankz@istockphoto.com,294-795-3883
QR9862,Townend,mtownendl0@1688.com,969-317-7112
AM7227,Llewelly,cllewellyl1@cpanel.net,838-961-2311
AI3208,Rennox,krennoxl2@nationalgeographic.com,387-115-1674
AC2311,Neville,knevillel3@apple.com,507-410-5853
DL8509,Hewson,khewsonl4@php.net,830-406-0451
AI3088,Stilldale,sstilldalel5@ocn.ne.jp,536-900-2479
IB8118,Shorto,jshortol6@uol.com.br,552-139-8488
IB8346,Norledge,wnorledgel7@ibm.com,376-690-8111
UA8235,Connal,nconnall8@elegantthemes.com,598-561-2105
ET5363,Hughf,thughfl9@thetimes.co.uk,986-313-2839
LA7059,Moukes,smoukesla@mlb.com,608-647-6607
QR4004,Sisley,msisleylb@fastcompany.com,916-804-2541
BA2226,Hansill,whansilllc@nih.gov,807-478-3999
NZ7374,Cornill,ncornillld@twitter.com,356-106-2786
UA8685,Bowater,vbowaterle@toplist.cz,604-256-3254
IB8118,Swindley,lswindleylf@businessinsider.com,349-760-4616
SK4013,MacIntyre,rmacintyrelg@privacy.gov.au,354-739-0425
BA1520,Pomfret,cpomfretlh@ca.gov,124-475-8437
KE3621,Verden,nverdenli@gov.uk,672-663-4091
AM6488,Collishaw,lcollishawlj@aboutads.info,886-693-2450
IB4367,Imbrey,gimbreylk@squarespace.com,213-518-2816
NH2788,Dowglass,cdowglassll@privacy.gov.au,553-686-6878
AF9700,Campione,scampionelm@addtoany.com,584-612-6474
AV2988,McClaren,gmcclarenln@reverbnation.com,415-970-8745
KE1775,Cockland,dcocklandlo@rambler.ru,839-428-0871
WN2403,Pohlke,dpohlkelp@marriott.com,461-578-9026
CX3392,Decayette,sdecayettelq@godaddy.com,138-747-6358
IB7456,Eschelle,weschellelr@g.co,967-732-8177
WN7757,Piff,spiffls@yahoo.co.jp,322-701-2340
SQ1726,Whysall,awhysalllt@squidoo.com,379-958-8830
QR5364,Junkin,njunkinlu@ezinearticles.com,926-358-1141
BA3445,Ragot,eragotlv@timesonline.co.uk,788-250-0549
SA7375,Lafrentz,jlafrentzlw@google.ru,944-687-8795
SA4339,Betonia,kbetonialx@admin.ch,272-811-6017
SK1308,Roscam,kroscamly@prlog.org,661-752-2757
AC3743,Messier,cmessierlz@bandcamp.com,422-597-5255
SA6127,Langston,clangstonm0@apple.com,991-515-8436
ET6789,Itzkowicz,jitzkowiczm1@nymag.com,455-123-3235
AM5855,Gurwood,fgurwoodm2@vinaora.com,620-644-5693
KE9706,Hatt,nhattm3@cornell.edu,860-272-1733
LA3959,Wrathmall,mwrathmallm4@gnu.org,750-271-6020
EK5772,Killwick,ekillwickm5@goo.ne.jp,532-286-8367
SQ2197,Bartolommeo,sbartolommeom6@live.com,471-221-0080
SA4381,Meekins,rmeekinsm7@google.com.au,987-999-8302
WN2783,Lesurf,flesurfm8@simplemachines.org,718-317-2659
NH7193,Furminger,afurmingerm9@stumbleupon.com,340-170-0590
EK7843,Danielovitch,jdanielovitchma@instagram.com,988-240-4566
SQ2653,Duck,educkmb@fastcompany.com,681-588-1637
KE5890,Baroche,dbarochemc@sun.com,988-444-9736
AI8330,Follan,rfollanmd@uol.com.br,447-123-0095
DL8564,Llop,gllopme@constantcontact.com,747-884-0421
AZ4856,Bastable,fbastablemf@google.cn,705-383-1476
KE1537,Worwood,cworwoodmg@lulu.com,133-903-4509
LA2115,Cornillot,dcornillotmh@state.gov,447-922-2568
SA2695,Balsdon,abalsdonmi@google.ca,682-397-5456
SK8133,Tyrrell,ftyrrellmj@google.com.hk,495-993-8829
AA1898,Whitten,kwhittenmk@drupal.org,304-567-9878
EK1351,Joinsey,ajoinseyml@psu.edu,228-423-4218
KE3610,Eglaise,seglaisemm@auda.org.au,506-275-8310
NH2468,Antonio,eantoniomn@npr.org,224-141-4305
AA2932,Seally,eseallymo@instagram.com,680-198-0006
NZ6454,Loweth,jlowethmp@buzzfeed.com,632-314-3704
SK7103,Garvin,jgarvinmq@europa.eu,740-506-4648
SK7657,Farnworth,hfarnworthmr@ftc.gov,514-473-9196
AZ1957,Booth,kboothms@usatoday.com,426-475-2612
SA8652,Moorman,imoormanmt@google.it,470-824-9012
LA5045,Moyler,kmoylermu@tinyurl.com,248-249-4023
LH6417,Coton,ccotonmv@umn.edu,612-923-4374
AC4336,Roselli,grosellimw@example.com,611-206-8796
LA9766,Job,djobmx@springer.com,737-160-3956
NH6266,Rockhall,crockhallmy@archive.org,575-659-5434
QF1621,Biset,abisetmz@techcrunch.com,153-783-2333
QR5341,Aglione,maglionen0@simplemachines.org,352-238-4448
ET6157,Jaine,ojainen1@sitemeter.com,478-146-4972
AA3897,Gandrich,fgandrichn2@omniture.com,436-594-7840
DL1701,Whapham,dwhaphamn3@disqus.com,563-776-2153
AF9171,Corns,scornsn4@quantcast.com,777-810-2902
LA2012,Jacson,sjacsonn5@surveymonkey.com,890-234-4449
AM1632,Blackall,hblackalln6@ebay.com,971-285-6928
EK4779,Juszczyk,djuszczykn7@adobe.com,455-926-3015
WN3418,Pollastrone,rpollastronen8@sciencedaily.com,478-982-2025
AI5848,Karchowski,pkarchowskin9@youtu.be,242-588-6755
NH3493,Dornan,idornanna@posterous.com,346-655-1450
ET5547,Knipe,kknipenb@uiuc.edu,958-545-0728
BA3590,Betterton,rbettertonnc@geocities.jp,342-304-1134
QF6361,Gozney,hgozneynd@amazon.de,358-490-8163
AM8764,Tolworthy,ltolworthyne@hc360.com,440-962-7533
AZ4564,Manvelle,tmanvellenf@furl.net,477-625-0056
AF8924,Tuffrey,mtuffreyng@hibu.com,162-535-8269
SA5091,Padula,fpadulanh@barnesandnoble.com,183-111-7396
AZ6189,Mullins,kmullinsni@hud.gov,146-822-6348
CX8226,Coldbath,kcoldbathnj@google.nl,736-377-2017
AZ7822,Amps,eampsnk@unblog.fr,681-388-4835
AM2576,Kolodziejski,jkolodziejskinl@moonfruit.com,658-510-4692
AA9225,Digger,bdiggernm@icio.us,904-231-9894
AA7149,Cotelard,tcotelardnn@who.int,260-373-4860
SQ9336,Empson,mempsonno@live.com,928-356-0869
DL9163,Noddles,snoddlesnp@cnbc.com,927-667-5066
NH8723,Keinrat,akeinratnq@xrea.com,289-757-8440
TG7596,Klementz,lklementznr@sina.com.cn,180-312-1575
LH4249,Shore,sshorens@delicious.com,510-469-1309
NZ9504,Pointing,dpointingnt@digg.com,133-934-8633
TG3912,Rennocks,drennocksnu@sciencedirect.com,686-546-0532
AV9052,Goldbourn,hgoldbournnv@edublogs.org,227-227-8997
LH1888,Pitkethly,jpitkethlynw@wikia.com,553-504-3688
IB4913,Hubbuck,jhubbucknx@soup.io,639-903-8482
IB9380,Rennox,crennoxny@yelp.com,937-997-2868
SQ6766,Oppy,loppynz@vimeo.com,609-463-2662
KL2728,Widdowson,mwiddowsono0@purevolume.com,197-553-1853
EK2269,Fosberry,afosberryo1@craigslist.org,818-904-0257
QR9885,Sconce,lsconceo2@adobe.com,498-181-0476
SQ2561,Knobell,eknobello3@nymag.com,505-368-7194
IB8421,Gilogly,cgiloglyo4@home.pl,118-916-5820
CX2642,Norvill,lnorvillo5@merriam-webster.com,850-964-5754
BA9329,Ruddle,kruddleo6@pbs.org,123-283-6081
SK9521,Mussalli,rmussallio7@e-recht24.de,783-510-0979
AZ4962,McEllen,mmcelleno8@ovh.net,802-343-5979
ET6340,Voce,rvoceo9@craigslist.org,548-272-2478
AM6473,Berney,gberneyoa@joomla.org,851-379-3148
LH8174,Bickle,cbickleob@ftc.gov,927-737-8451
KE9893,Broy,rbroyoc@photobucket.com,149-597-7188
SK7135,Penhaleurack,tpenhaleurackod@a8.net,137-630-3959
WN9155,MacCoughen,lmaccoughenoe@livejournal.com,936-142-7107
LA2996,McGarva,amcgarvaof@globo.com,428-947-8801
SK9831,Crauford,kcraufordog@stanford.edu,269-224-4541
SA8061,Vallow,svallowoh@blog.com,676-732-9952
QF7381,Eliff,deliffoi@ocn.ne.jp,698-240-2526
LH5017,Hadlee,hhadleeoj@symantec.com,718-528-1888
AI8824,Bendley,rbendleyok@cafepress.com,127-539-4040
SA8416,Ongin,konginol@simplemachines.org,909-677-7470
AM5718,Dickins,cdickinsom@mediafire.com,332-644-0492
DL2968,Langeren,llangerenon@booking.com,804-125-5231
ET9826,Summerly,gsummerlyoo@jigsy.com,875-324-4653
BA1624,Tilney,ktilneyop@apple.com,720-597-9749
QF4469,Frodsham,rfrodshamoq@sakura.ne.jp,666-965-8509
WN4429,Deacon,hdeaconor@usnews.com,214-898-8743
WN7040,Stapford,astapfordos@wiley.com,878-961-5627
AC9935,Brugh,abrughot@microsoft.com,256-731-8521
SQ6672,Boldero,ebolderoou@blinklist.com,511-144-7475
AF6288,Gabala,agabalaov@tripadvisor.com,519-745-8180
QR1864,Chatterton,mchattertonow@google.ca,703-106-9369
KL7867,Studman,mstudmanox@sciencedaily.com,961-512-9477
AV6446,McGoldrick,jmcgoldrickoy@nydailynews.com,140-545-5248
AZ1593,Dewbury,ldewburyoz@artisteer.com,488-321-4067
NZ7385,Bothram,kbothramp0@latimes.com,303-232-4327
NH5222,Lindop,wlindopp1@toplist.cz,561-194-3017
TG9120,Babb,ababbp2@slashdot.org,907-791-7790
LH1740,Ayris,kayrisp3@paginegialle.it,208-320-5536
IB8996,Foot,rfootp4@barnesandnoble.com,781-673-4718
AI9950,Syrett,gsyrettp5@noaa.gov,646-593-4119
AA9409,Tremeer,ptremeerp6@ovh.net,515-387-6115
CX6106,Lafayette,klafayettep7@lycos.com,416-728-1746
LH5409,Grinval,egrinvalp8@artisteer.com,928-816-1833
BA2318,Whitehorn,swhitehornp9@people.com.cn,307-332-1690
AV7529,Lighterness,klighternesspa@jugem.jp,551-452-6819
QR6498,Bresson,abressonpb@amazon.de,326-344-6238
LA8757,Coskerry,kcoskerrypc@sourceforge.net,778-524-5256
AC9723,Yukhov,pyukhovpd@sfgate.com,198-148-5090
NH7897,Gilbart,tgilbartpe@uiuc.edu,625-920-1878
IB2507,Kaspar,akasparpf@microsoft.com,621-555-6953
SA4919,Larive,vlarivepg@answers.com,397-340-7654
BA6555,Shovell,sshovellph@buzzfeed.com,920-272-0177
SA7375,Zambon,hzambonpi@hc360.com,215-661-3804
AV5119,Filipic,dfilipicpj@icq.com,441-970-0600
SK4886,Jump,cjumppk@nydailynews.com,925-445-3853
BA7967,Faircliff,afaircliffpl@pinterest.com,133-772-2995
LA5570,Crofthwaite,bcrofthwaitepm@nyu.edu,478-569-9088
LA9420,Langmuir,olangmuirpn@e-recht24.de,586-165-5580
AV2480,Sherland,fsherlandpo@oracle.com,377-541-7144
KE7979,Clemits,aclemitspp@multiply.com,921-102-2969
BA9490,Probet,hprobetpq@uiuc.edu,838-531-6901
IB5133,Ferro,mferropr@cam.ac.uk,283-669-8823
NH9411,Benwell,bbenwellps@bloomberg.com,299-286-7847
EK8832,Nudde,onuddept@wiley.com,153-929-5686
AA3211,Cluney,ecluneypu@utexas.edu,603-951-8439
DL5812,Label,llabelpv@rambler.ru,721-985-3145
SQ2999,O'Roan,moroanpw@w3.org,775-888-1308
NZ3240,Bresman,mbresmanpx@hud.gov,673-447-6999
NZ3102,Kane,lkanepy@themeforest.net,756-345-9369
WN1387,Fountain,rfountainpz@deliciousdays.com,638-330-5910
AC3188,Rutledge,brutledgeq0@hugedomains.com,916-886-3569
CX3579,Sillwood,esillwoodq1@jalbum.net,599-614-4393
AC5771,Tunno,ftunnoq2@tumblr.com,559-896-3345
AA7291,Wallman,owallmanq3@unicef.org,202-104-6486
NZ6489,Ortas,jortasq4@reverbnation.com,139-941-5688
NH4540,Houseman,lhousemanq5@a8.net,385-869-2428
SA2497,Tangye,ktangyeq6@csmonitor.com,722-311-1805
SK3891,Ondrich,aondrichq7@biglobe.ne.jp,846-977-1971
AZ2467,Treslove,etresloveq8@github.io,363-530-0139
DL1467,Widdicombe,wwiddicombeq9@si.edu,265-601-4739
UA4725,Jenyns,cjenynsqa@nhs.uk,970-378-2274
AI5848,D'Arrigo,edarrigoqb@bing.com,756-972-1767
AI7764,Crimp,wcrimpqc@china.com.cn,334-648-1097
SK1308,Colville,ecolvilleqd@apple.com,966-967-5971
SA9586,Cuttin,ncuttinqe@instagram.com,297-532-0573
BA4656,Atack,patackqf@sciencedirect.com,403-910-9929
AA8312,Smeuin,jsmeuinqg@chicagotribune.com,457-989-9446
UA8484,Oxford,doxfordqh@army.mil,139-989-1987
AF9744,Annand,cannandqi@usa.gov,104-992-2436
SA2305,Gagen,tgagenqj@gnu.org,125-470-7109
NH7193,Genney,ogenneyqk@howstuffworks.com,961-120-5268
SA8121,Bedborough,mbedboroughql@mac.com,698-135-4998
AV3280,Scullard,ascullardqm@eepurl.com,794-729-4970
SK2761,Tytterton,ttyttertonqn@narod.ru,179-983-5093
QR1958,Rangeley,rrangeleyqo@yellowpages.com,328-702-0153
AA9403,Trinke,htrinkeqp@opensource.org,387-190-3724
SA3457,Donalson,jdonalsonqq@hubpages.com,104-848-3698
AV5027,McMearty,amcmeartyqr@livejournal.com,407-266-4345
SQ9239,Hankey,vhankeyqs@prweb.com,671-152-3447
SQ4965,Coomer,acoomerqt@symantec.com,489-788-6996
SA7873,Cawston,mcawstonqu@unblog.fr,310-961-2494
AI1298,Karim,rkarimqv@globo.com,413-581-5337
AC9073,Moye,emoyeqw@stanford.edu,592-467-8580
SQ7171,Brookton,ebrooktonqx@theglobeandmail.com,362-449-2276
LH3182,Coronas,dcoronasqy@ask.com,464-987-5262
WN5860,Fiennes,efiennesqz@wikispaces.com,251-879-1405
NZ9286,Durbin,adurbinr0@narod.ru,495-993-5232
AC2767,Tumilson,vtumilsonr1@phpbb.com,882-824-6030
EK7294,Hayden,khaydenr2@imdb.com,562-575-5860
AA6299,de Keep,cdekeepr3@cbc.ca,860-548-8245
QR7416,Rodenburgh,drodenburghr4@zdnet.com,837-774-2073
WN9844,Phebee,fphebeer5@scribd.com,211-568-6068
EK5658,Wogan,gwoganr6@pagesperso-orange.fr,812-121-6708
KE6235,McCarroll,dmccarrollr7@bigcartel.com,835-883-5902
QF6015,Iannuzzi,kiannuzzir8@ibm.com,633-549-5823
AF4074,Glackin,gglackinr9@sciencedaily.com,865-675-6443
EK2255,Jerschke,gjerschkera@jiathis.com,943-211-7231
KL7602,Fincham,nfinchamrb@google.co.jp,794-502-9041
NZ1073,Skeen,bskeenrc@wp.com,132-891-6856
SA2979,Duckels,jduckelsrd@histats.com,104-626-5606
IB2744,Mawer,ymawerre@adobe.com,506-394-5845
AI6847,Rayer,trayerrf@posterous.com,955-995-3932
SK8444,Allbrook,rallbrookrg@psu.edu,847-519-5736
CX2366,Sutehall,osutehallrh@usa.gov,261-218-3550
ET6970,Moretto,imorettori@ftc.gov,676-168-5117
KE1276,Garfirth,lgarfirthrj@google.nl,524-449-9009
WN6320,Deboo,fdeboork@cbc.ca,605-834-0624
UA3188,Summerside,rsummersiderl@netlog.com,951-342-7292
AI9507,Spata,rspatarm@state.gov,712-947-8951
CX3691,Jellico,djellicorn@vistaprint.com,964-352-6442
KL5799,Brome,mbromero@arstechnica.com,753-524-8286
TG2457,Wickens,nwickensrp@sina.com.cn,438-442-5369
AM1046,Cristofalo,scristofalorq@cocolog-nifty.com,202-976-3285
EK1896,Flowitt,hflowittrr@phpbb.com,784-664-7779
